,mu_journalier,sigma_journalier,mu_annuel,sigma_annuel
SPY,-0.00024,0.011378,-0.06042,0.180617
EFA,-0.000135,0.010477,-0.033998,0.166321
AGG,-5.4e-05,0.003689,-0.013577,0.058558
GLD,-8.4e-05,0.008974,-0.021232,0.142463
EURUSD,-0.000222,0.004337,-0.055837,0.068846
