,Rendement moyen (j),Volatilité (j),Rendement moyen (a),Volatilité (a),Skewness,Kurtosis exc.,Poids (%),Exposition (EUR)
SPY,-0.00024,0.011378,-0.06042,0.180617,-0.050942,-0.17176,30.0,300000.0
EFA,-0.000135,0.010477,-0.033998,0.166321,-0.191333,-0.086807,20.0,200000.0
AGG,-5.4e-05,0.003689,-0.013577,0.058558,-0.027517,0.069309,25.0,250000.0
GLD,-8.4e-05,0.008974,-0.021232,0.142463,0.043542,-0.185863,15.0,150000.0
EURUSD,-0.000222,0.004337,-0.055837,0.068846,0.038043,0.096483,10.0,100000.0
